<?xml version="1.0" encoding="UTF-8" ?>
<font numchars="95" spacewidth="4">
<characters>
<chardata char="32" A="0" C="4" wid="6" hgt="20" X1="0" Y1="0.078125" X2="0.0234375" Y2="0.15625" />
<chardata char="33" A="1" C="3" wid="5" hgt="20" X1="0" Y1="0.15625" X2="0.01953125" Y2="0.234375" />
<chardata char="34" A="0" C="5" wid="7" hgt="20" X1="0" Y1="0.234375" X2="0.02734375" Y2="0.3125" />
<chardata char="35" A="0" C="7" wid="9" hgt="20" X1="0" Y1="0.3125" X2="0.03515625" Y2="0.390625" />
<chardata char="36" A="0" C="7" wid="9" hgt="20" X1="0" Y1="0.390625" X2="0.03515625" Y2="0.46875" />
<chardata char="37" A="1" C="11" wid="13" hgt="20" X1="0.0390625" Y1="0" X2="0.08984375" Y2="0.078125" />
<chardata char="38" A="0" C="9" wid="11" hgt="20" X1="0.08984375" Y1="0" X2="0.1328125" Y2="0.078125" />
<chardata char="39" A="0" C="2" wid="4" hgt="20" X1="0.0234375" Y1="0.078125" X2="0.0390625" Y2="0.15625" />
<chardata char="40" A="5" C="7" wid="9" hgt="20" X1="0" Y1="0.46875" X2="0.03515625" Y2="0.546875" />
<chardata char="41" A="-1" C="13" wid="16" hgt="20" X1="0.1328125" Y1="0" X2="0.1953125" Y2="0.078125" />
<chardata char="42" A="0" C="5" wid="7" hgt="20" X1="0" Y1="0.546875" X2="0.02734375" Y2="0.625" />
<chardata char="43" A="0" C="8" wid="10" hgt="20" X1="0" Y1="0.625" X2="0.0390625" Y2="0.703125" />
<chardata char="44" A="1" C="3" wid="5" hgt="20" X1="0.01953125" Y1="0.15625" X2="0.0390625" Y2="0.234375" />
<chardata char="45" A="0" C="4" wid="6" hgt="20" X1="0" Y1="0.703125" X2="0.0234375" Y2="0.78125" />
<chardata char="46" A="1" C="3" wid="5" hgt="20" X1="0" Y1="0.78125" X2="0.01953125" Y2="0.859375" />
<chardata char="47" A="0" C="4" wid="6" hgt="20" X1="0" Y1="0.859375" X2="0.0234375" Y2="0.9375" />
<chardata char="48" A="0" C="7" wid="9" hgt="20" X1="0.1953125" Y1="0" X2="0.23046875" Y2="0.078125" />
<chardata char="49" A="1" C="6" wid="8" hgt="20" X1="0.23046875" Y1="0" X2="0.26171875" Y2="0.078125" />
<chardata char="50" A="0" C="7" wid="9" hgt="20" X1="0.26171875" Y1="0" X2="0.296875" Y2="0.078125" />
<chardata char="51" A="0" C="7" wid="9" hgt="20" X1="0.296875" Y1="0" X2="0.33203125" Y2="0.078125" />
<chardata char="52" A="0" C="7" wid="9" hgt="20" X1="0.33203125" Y1="0" X2="0.3671875" Y2="0.078125" />
<chardata char="53" A="0" C="7" wid="9" hgt="20" X1="0.3671875" Y1="0" X2="0.40234375" Y2="0.078125" />
<chardata char="54" A="0" C="7" wid="9" hgt="20" X1="0.40234375" Y1="0" X2="0.4375" Y2="0.078125" />
<chardata char="55" A="0" C="7" wid="9" hgt="20" X1="0.4375" Y1="0" X2="0.47265625" Y2="0.078125" />
<chardata char="56" A="0" C="7" wid="9" hgt="20" X1="0.47265625" Y1="0" X2="0.5078125" Y2="0.078125" />
<chardata char="57" A="0" C="7" wid="9" hgt="20" X1="0.5078125" Y1="0" X2="0.54296875" Y2="0.078125" />
<chardata char="58" A="1" C="3" wid="5" hgt="20" X1="0.01953125" Y1="0.78125" X2="0.0390625" Y2="0.859375" />
<chardata char="59" A="1" C="3" wid="5" hgt="20" X1="0.54296875" Y1="0" X2="0.5625" Y2="0.078125" />
<chardata char="60" A="0" C="8" wid="10" hgt="20" X1="0.5625" Y1="0" X2="0.6015625" Y2="0.078125" />
<chardata char="61" A="0" C="8" wid="10" hgt="20" X1="0.6015625" Y1="0" X2="0.640625" Y2="0.078125" />
<chardata char="62" A="0" C="8" wid="10" hgt="20" X1="0.640625" Y1="0" X2="0.6796875" Y2="0.078125" />
<chardata char="63" A="0" C="7" wid="9" hgt="20" X1="0.6796875" Y1="0" X2="0.71484375" Y2="0.078125" />
<chardata char="64" A="0" C="13" wid="15" hgt="20" X1="0.71484375" Y1="0" X2="0.7734375" Y2="0.078125" />
<chardata char="65" A="0" C="9" wid="12" hgt="20" X1="0.7734375" Y1="0" X2="0.8203125" Y2="0.078125" />
<chardata char="66" A="1" C="8" wid="10" hgt="20" X1="0.8203125" Y1="0" X2="0.859375" Y2="0.078125" />
<chardata char="67" A="0" C="9" wid="11" hgt="20" X1="0.859375" Y1="0" X2="0.90234375" Y2="0.078125" />
<chardata char="68" A="1" C="8" wid="10" hgt="20" X1="0.90234375" Y1="0" X2="0.94140625" Y2="0.078125" />
<chardata char="69" A="1" C="8" wid="10" hgt="20" X1="0.94140625" Y1="0" X2="0.98046875" Y2="0.078125" />
<chardata char="70" A="1" C="7" wid="9" hgt="20" X1="0.0390625" Y1="0.078125" X2="0.07421875" Y2="0.15625" />
<chardata char="71" A="0" C="10" wid="12" hgt="20" X1="0.07421875" Y1="0.078125" X2="0.12109375" Y2="0.15625" />
<chardata char="72" A="1" C="8" wid="10" hgt="20" X1="0.07421875" Y1="0.15625" X2="0.11328125" Y2="0.234375" />
<chardata char="73" A="0" C="3" wid="5" hgt="20" X1="0.0390625" Y1="0.15625" X2="0.05859375" Y2="0.234375" />
<chardata char="74" A="0" C="7" wid="9" hgt="20" X1="0.0390625" Y1="0.234375" X2="0.07421875" Y2="0.3125" />
<chardata char="75" A="1" C="8" wid="11" hgt="20" X1="0.07421875" Y1="0.234375" X2="0.1171875" Y2="0.3125" />
<chardata char="76" A="1" C="6" wid="8" hgt="20" X1="0.0390625" Y1="0.3125" X2="0.0703125" Y2="0.390625" />
<chardata char="77" A="1" C="10" wid="12" hgt="20" X1="0.07421875" Y1="0.3125" X2="0.12109375" Y2="0.390625" />
<chardata char="78" A="1" C="8" wid="10" hgt="20" X1="0.07421875" Y1="0.390625" X2="0.11328125" Y2="0.46875" />
<chardata char="79" A="0" C="10" wid="12" hgt="20" X1="0.07421875" Y1="0.46875" X2="0.12109375" Y2="0.546875" />
<chardata char="80" A="1" C="8" wid="10" hgt="20" X1="0.07421875" Y1="0.546875" X2="0.11328125" Y2="0.625" />
<chardata char="81" A="0" C="10" wid="12" hgt="20" X1="0.07421875" Y1="0.625" X2="0.12109375" Y2="0.703125" />
<chardata char="82" A="1" C="8" wid="11" hgt="20" X1="0.07421875" Y1="0.703125" X2="0.1171875" Y2="0.78125" />
<chardata char="83" A="0" C="9" wid="11" hgt="20" X1="0.07421875" Y1="0.78125" X2="0.1171875" Y2="0.859375" />
<chardata char="84" A="0" C="8" wid="10" hgt="20" X1="0.07421875" Y1="0.859375" X2="0.11328125" Y2="0.9375" />
<chardata char="85" A="1" C="8" wid="10" hgt="20" X1="0.12109375" Y1="0.078125" X2="0.16015625" Y2="0.15625" />
<chardata char="86" A="0" C="9" wid="11" hgt="20" X1="0.16015625" Y1="0.078125" X2="0.203125" Y2="0.15625" />
<chardata char="87" A="0" C="12" wid="14" hgt="20" X1="0.203125" Y1="0.078125" X2="0.2578125" Y2="0.15625" />
<chardata char="88" A="0" C="9" wid="11" hgt="20" X1="0.2578125" Y1="0.078125" X2="0.30078125" Y2="0.15625" />
<chardata char="89" A="-1" C="10" wid="14" hgt="20" X1="0.30078125" Y1="0.078125" X2="0.35546875" Y2="0.15625" />
<chardata char="90" A="0" C="8" wid="10" hgt="20" X1="0.35546875" Y1="0.078125" X2="0.39453125" Y2="0.15625" />
<chardata char="91" A="1" C="3" wid="5" hgt="20" X1="0.0390625" Y1="0.390625" X2="0.05859375" Y2="0.46875" />
<chardata char="92" A="0" C="4" wid="6" hgt="20" X1="0.0390625" Y1="0.46875" X2="0.0625" Y2="0.546875" />
<chardata char="93" A="0" C="4" wid="6" hgt="20" X1="0.0390625" Y1="0.546875" X2="0.0625" Y2="0.625" />
<chardata char="94" A="0" C="6" wid="8" hgt="20" X1="0.0390625" Y1="0.625" X2="0.0703125" Y2="0.703125" />
<chardata char="95" A="-2" C="14" wid="18" hgt="20" X1="0.39453125" Y1="0.078125" X2="0.46484375" Y2="0.15625" />
<chardata char="96" A="0" C="4" wid="6" hgt="20" X1="0.0390625" Y1="0.703125" X2="0.0625" Y2="0.78125" />
<chardata char="97" A="0" C="7" wid="9" hgt="20" X1="0.0390625" Y1="0.78125" X2="0.07421875" Y2="0.859375" />
<chardata char="98" A="1" C="6" wid="8" hgt="20" X1="0.0390625" Y1="0.859375" X2="0.0703125" Y2="0.9375" />
<chardata char="99" A="0" C="7" wid="9" hgt="20" X1="0.46484375" Y1="0.078125" X2="0.5" Y2="0.15625" />
<chardata char="100" A="0" C="7" wid="9" hgt="20" X1="0.5" Y1="0.078125" X2="0.53515625" Y2="0.15625" />
<chardata char="101" A="0" C="7" wid="9" hgt="20" X1="0.53515625" Y1="0.078125" X2="0.5703125" Y2="0.15625" />
<chardata char="102" A="0" C="4" wid="7" hgt="20" X1="0.5703125" Y1="0.078125" X2="0.59765625" Y2="0.15625" />
<chardata char="103" A="0" C="7" wid="9" hgt="20" X1="0.59765625" Y1="0.078125" X2="0.6328125" Y2="0.15625" />
<chardata char="104" A="1" C="6" wid="8" hgt="20" X1="0.6328125" Y1="0.078125" X2="0.6640625" Y2="0.15625" />
<chardata char="105" A="1" C="2" wid="4" hgt="20" X1="0.0234375" Y1="0.703125" X2="0.0390625" Y2="0.78125" />
<chardata char="106" A="-1" C="4" wid="7" hgt="20" X1="0.6640625" Y1="0.078125" X2="0.69140625" Y2="0.15625" />
<chardata char="107" A="1" C="6" wid="8" hgt="20" X1="0.69140625" Y1="0.078125" X2="0.72265625" Y2="0.15625" />
<chardata char="108" A="1" C="2" wid="4" hgt="20" X1="0.0234375" Y1="0.859375" X2="0.0390625" Y2="0.9375" />
<chardata char="109" A="0" C="11" wid="13" hgt="20" X1="0.72265625" Y1="0.078125" X2="0.7734375" Y2="0.15625" />
<chardata char="110" A="1" C="6" wid="8" hgt="20" X1="0.7734375" Y1="0.078125" X2="0.8046875" Y2="0.15625" />
<chardata char="111" A="0" C="7" wid="9" hgt="20" X1="0.8046875" Y1="0.078125" X2="0.83984375" Y2="0.15625" />
<chardata char="112" A="1" C="6" wid="8" hgt="20" X1="0.83984375" Y1="0.078125" X2="0.87109375" Y2="0.15625" />
<chardata char="113" A="0" C="7" wid="9" hgt="20" X1="0.87109375" Y1="0.078125" X2="0.90625" Y2="0.15625" />
<chardata char="114" A="0" C="4" wid="7" hgt="20" X1="0.90625" Y1="0.078125" X2="0.93359375" Y2="0.15625" />
<chardata char="115" A="0" C="7" wid="9" hgt="20" X1="0.93359375" Y1="0.078125" X2="0.96875" Y2="0.15625" />
<chardata char="116" A="0" C="4" wid="6" hgt="20" X1="0.96875" Y1="0.078125" X2="0.9921875" Y2="0.15625" />
<chardata char="117" A="1" C="6" wid="8" hgt="20" X1="0.12109375" Y1="0.15625" X2="0.15234375" Y2="0.234375" />
<chardata char="118" A="0" C="7" wid="9" hgt="20" X1="0.15234375" Y1="0.15625" X2="0.1875" Y2="0.234375" />
<chardata char="119" A="0" C="9" wid="12" hgt="20" X1="0.1875" Y1="0.15625" X2="0.234375" Y2="0.234375" />
<chardata char="120" A="0" C="7" wid="9" hgt="20" X1="0.15234375" Y1="0.234375" X2="0.1875" Y2="0.3125" />
<chardata char="121" A="0" C="7" wid="9" hgt="20" X1="0.15234375" Y1="0.3125" X2="0.1875" Y2="0.390625" />
<chardata char="122" A="0" C="7" wid="9" hgt="20" X1="0.15234375" Y1="0.390625" X2="0.1875" Y2="0.46875" />
<chardata char="123" A="5" C="7" wid="9" hgt="20" X1="0.15234375" Y1="0.46875" X2="0.1875" Y2="0.546875" />
<chardata char="124" A="1" C="2" wid="4" hgt="20" X1="0.98046875" Y1="0" X2="0.99609375" Y2="0.078125" />
<chardata char="125" A="-1" C="13" wid="16" hgt="20" X1="0.234375" Y1="0.15625" X2="0.296875" Y2="0.234375" />
<chardata char="126" A="0" C="8" wid="10" hgt="20" X1="0" Y1="0" X2="0.0390625" Y2="0.078125" />
</characters>
</font>
